match_id,season,start_date,venue,innings,ball,batting_team,bowling_team,striker,bowler,runs_off_bat,extras,wides,noballs,wicket_type,player_dismissed
1535465,2026,2026-05-31,"Narendra Modi Stadium, Ahmedabad",1,0.1,Gujarat Titans,Royal Challengers Bengaluru,B Sai Sudharsan,JA Duffy,0,0,,,,
1535465,2026,2026-05-31,"Narendra Modi Stadium, Ahmedabad",1,0.2,Gujarat Titans,Royal Challengers Bengaluru,B Sai Sudharsan,JA Duffy,0,0,,,,
1535465,2026,2026-05-31,"Narendra Modi Stadium, Ahmedabad",1,0.3,Gujarat Titans,Royal Challengers Bengaluru,B Sai Sudharsan,JA Duffy,4,0,,,,
1535465,2026,2026-05-31,"Narendra Modi Stadium, Ahmedabad",1,0.4,Gujarat Titans,Royal Challengers Bengaluru,B Sai Sudharsan,JA Duffy,4,0,,,,
1535465,2026,2026-05-31,"Narendra Modi Stadium, Ahmedabad",1,0.5,Gujarat Titans,Royal Challengers Bengaluru,B Sai Sudharsan,JA Duffy,0,1,1.0,,,
1535465,2026,2026-05-31,"Narendra Modi Stadium, Ahmedabad",1,0.6,Gujarat Titans,Royal Challengers Bengaluru,B Sai Sudharsan,JA Duffy,0,1,1.0,,,
1535465,2026,2026-05-31,"Narendra Modi Stadium, Ahmedabad",1,0.7,Gujarat Titans,Royal Challengers Bengaluru,B Sai Sudharsan,JA Duffy,1,0,,,,
1535465,2026,2026-05-31,"Narendra Modi Stadium, Ahmedabad",1,0.8,Gujarat Titans,Royal Challengers Bengaluru,Shubman Gill,JA Duffy,0,1,1.0,,,
1535465,2026,2026-05-31,"Narendra Modi Stadium, Ahmedabad",1,0.9,Gujarat Titans,Royal Challengers Bengaluru,Shubman Gill,JA Duffy,1,0,,,,
1535465,2026,2026-05-31,"Narendra Modi Stadium, Ahmedabad",1,1.1,Gujarat Titans,Royal Challengers Bengaluru,Shubman Gill,B Kumar,0,0,,,,
1535465,2026,2026-05-31,"Narendra Modi Stadium, Ahmedabad",1,1.2,Gujarat Titans,Royal Challengers Bengaluru,Shubman Gill,B Kumar,0,0,,,,
1535465,2026,2026-05-31,"Narendra Modi Stadium, Ahmedabad",1,1.3,Gujarat Titans,Royal Challengers Bengaluru,Shubman Gill,B Kumar,4,0,,,,
1535465,2026,2026-05-31,"Narendra Modi Stadium, Ahmedabad",1,1.4,Gujarat Titans,Royal Challengers Bengaluru,Shubman Gill,B Kumar,0,0,,,,
1535465,2026,2026-05-31,"Narendra Modi Stadium, Ahmedabad",1,1.5,Gujarat Titans,Royal Challengers Bengaluru,Shubman Gill,B Kumar,1,0,,,,
1535465,2026,2026-05-31,"Narendra Modi Stadium, Ahmedabad",1,1.6,Gujarat Titans,Royal Challengers Bengaluru,B Sai Sudharsan,B Kumar,0,0,,,,
1535465,2026,2026-05-31,"Narendra Modi Stadium, Ahmedabad",1,2.1,Gujarat Titans,Royal Challengers Bengaluru,Shubman Gill,JR Hazlewood,4,0,,,,
1535465,2026,2026-05-31,"Narendra Modi Stadium, Ahmedabad",1,2.2,Gujarat Titans,Royal Challengers Bengaluru,Shubman Gill,JR Hazlewood,0,0,,,caught,Shubman Gill
1535465,2026,2026-05-31,"Narendra Modi Stadium, Ahmedabad",1,2.3,Gujarat Titans,Royal Challengers Bengaluru,N Sindhu,JR Hazlewood,1,0,,,,
1535465,2026,2026-05-31,"Narendra Modi Stadium, Ahmedabad",1,2.4,Gujarat Titans,Royal Challengers Bengaluru,B Sai Sudharsan,JR Hazlewood,0,0,,,,
1535465,2026,2026-05-31,"Narendra Modi Stadium, Ahmedabad",1,2.5,Gujarat Titans,Royal Challengers Bengaluru,B Sai Sudharsan,JR Hazlewood,1,0,,,,
1535465,2026,2026-05-31,"Narendra Modi Stadium, Ahmedabad",1,2.6,Gujarat Titans,Royal Challengers Bengaluru,N Sindhu,JR Hazlewood,0,0,,,,
1535465,2026,2026-05-31,"Narendra Modi Stadium, Ahmedabad",1,3.1,Gujarat Titans,Royal Challengers Bengaluru,B Sai Sudharsan,B Kumar,2,0,,,,
1535465,2026,2026-05-31,"Narendra Modi Stadium, Ahmedabad",1,3.2,Gujarat Titans,Royal Challengers Bengaluru,B Sai Sudharsan,B Kumar,0,0,,,,
1535465,2026,2026-05-31,"Narendra Modi Stadium, Ahmedabad",1,3.3,Gujarat Titans,Royal Challengers Bengaluru,B Sai Sudharsan,B Kumar,0,0,,,,
1535465,2026,2026-05-31,"Narendra Modi Stadium, Ahmedabad",1,3.4,Gujarat Titans,Royal Challengers Bengaluru,B Sai Sudharsan,B Kumar,0,0,,,caught,B Sai Sudharsan
1535465,2026,2026-05-31,"Narendra Modi Stadium, Ahmedabad",1,3.5,Gujarat Titans,Royal Challengers Bengaluru,JC Buttler,B Kumar,0,0,,,,
1535465,2026,2026-05-31,"Narendra Modi Stadium, Ahmedabad",1,3.6,Gujarat Titans,Royal Challengers Bengaluru,JC Buttler,B Kumar,4,0,,,,
1535465,2026,2026-05-31,"Narendra Modi Stadium, Ahmedabad",1,4.1,Gujarat Titans,Royal Challengers Bengaluru,N Sindhu,JR Hazlewood,0,0,,,,
1535465,2026,2026-05-31,"Narendra Modi Stadium, Ahmedabad",1,4.2,Gujarat Titans,Royal Challengers Bengaluru,N Sindhu,JR Hazlewood,4,0,,,,
1535465,2026,2026-05-31,"Narendra Modi Stadium, Ahmedabad",1,4.3,Gujarat Titans,Royal Challengers Bengaluru,N Sindhu,JR Hazlewood,4,0,,,,
1535465,2026,2026-05-31,"Narendra Modi Stadium, Ahmedabad",1,4.4,Gujarat Titans,Royal Challengers Bengaluru,N Sindhu,JR Hazlewood,1,0,,,,
1535465,2026,2026-05-31,"Narendra Modi Stadium, Ahmedabad",1,4.5,Gujarat Titans,Royal Challengers Bengaluru,JC Buttler,JR Hazlewood,0,0,,,,
1535465,2026,2026-05-31,"Narendra Modi Stadium, Ahmedabad",1,4.6,Gujarat Titans,Royal Challengers Bengaluru,JC Buttler,JR Hazlewood,0,0,,,,
1535465,2026,2026-05-31,"Narendra Modi Stadium, Ahmedabad",1,5.1,Gujarat Titans,Royal Challengers Bengaluru,N Sindhu,Rasikh Salam,0,0,,,,
1535465,2026,2026-05-31,"Narendra Modi Stadium, Ahmedabad",1,5.2,Gujarat Titans,Royal Challengers Bengaluru,N Sindhu,Rasikh Salam,0,0,,,,
1535465,2026,2026-05-31,"Narendra Modi Stadium, Ahmedabad",1,5.3,Gujarat Titans,Royal Challengers Bengaluru,N Sindhu,Rasikh Salam,1,0,,,,
1535465,2026,2026-05-31,"Narendra Modi Stadium, Ahmedabad",1,5.4,Gujarat Titans,Royal Challengers Bengaluru,JC Buttler,Rasikh Salam,1,0,,,,
1535465,2026,2026-05-31,"Narendra Modi Stadium, Ahmedabad",1,5.5,Gujarat Titans,Royal Challengers Bengaluru,N Sindhu,Rasikh Salam,4,0,,,,
1535465,2026,2026-05-31,"Narendra Modi Stadium, Ahmedabad",1,5.6,Gujarat Titans,Royal Challengers Bengaluru,N Sindhu,Rasikh Salam,0,0,,,,
1535465,2026,2026-05-31,"Narendra Modi Stadium, Ahmedabad",1,6.1,Gujarat Titans,Royal Challengers Bengaluru,JC Buttler,KH Pandya,1,0,,,,
1535465,2026,2026-05-31,"Narendra Modi Stadium, Ahmedabad",1,6.2,Gujarat Titans,Royal Challengers Bengaluru,N Sindhu,KH Pandya,1,0,,,,
1535465,2026,2026-05-31,"Narendra Modi Stadium, Ahmedabad",1,6.3,Gujarat Titans,Royal Challengers Bengaluru,JC Buttler,KH Pandya,1,0,,,,
1535465,2026,2026-05-31,"Narendra Modi Stadium, Ahmedabad",1,6.4,Gujarat Titans,Royal Challengers Bengaluru,N Sindhu,KH Pandya,1,0,,,,
1535465,2026,2026-05-31,"Narendra Modi Stadium, Ahmedabad",1,6.5,Gujarat Titans,Royal Challengers Bengaluru,JC Buttler,KH Pandya,1,0,,,,
1535465,2026,2026-05-31,"Narendra Modi Stadium, Ahmedabad",1,6.6,Gujarat Titans,Royal Challengers Bengaluru,N Sindhu,KH Pandya,0,0,,,,
1535465,2026,2026-05-31,"Narendra Modi Stadium, Ahmedabad",1,7.1,Gujarat Titans,Royal Challengers Bengaluru,JC Buttler,Rasikh Salam,1,0,,,,
1535465,2026,2026-05-31,"Narendra Modi Stadium, Ahmedabad",1,7.2,Gujarat Titans,Royal Challengers Bengaluru,N Sindhu,Rasikh Salam,1,0,,,,
1535465,2026,2026-05-31,"Narendra Modi Stadium, Ahmedabad",1,7.3,Gujarat Titans,Royal Challengers Bengaluru,JC Buttler,Rasikh Salam,1,0,,,,
1535465,2026,2026-05-31,"Narendra Modi Stadium, Ahmedabad",1,7.4,Gujarat Titans,Royal Challengers Bengaluru,N Sindhu,Rasikh Salam,2,0,,,,
1535465,2026,2026-05-31,"Narendra Modi Stadium, Ahmedabad",1,7.5,Gujarat Titans,Royal Challengers Bengaluru,N Sindhu,Rasikh Salam,0,0,,,,
1535465,2026,2026-05-31,"Narendra Modi Stadium, Ahmedabad",1,7.6,Gujarat Titans,Royal Challengers Bengaluru,N Sindhu,Rasikh Salam,0,0,,,caught,N Sindhu
1535465,2026,2026-05-31,"Narendra Modi Stadium, Ahmedabad",1,8.1,Gujarat Titans,Royal Challengers Bengaluru,JC Buttler,KH Pandya,0,0,,,,
1535465,2026,2026-05-31,"Narendra Modi Stadium, Ahmedabad",1,8.2,Gujarat Titans,Royal Challengers Bengaluru,JC Buttler,KH Pandya,1,0,,,,
1535465,2026,2026-05-31,"Narendra Modi Stadium, Ahmedabad",1,8.3,Gujarat Titans,Royal Challengers Bengaluru,Washington Sundar,KH Pandya,1,0,,,,
1535465,2026,2026-05-31,"Narendra Modi Stadium, Ahmedabad",1,8.4,Gujarat Titans,Royal Challengers Bengaluru,JC Buttler,KH Pandya,1,0,,,,
1535465,2026,2026-05-31,"Narendra Modi Stadium, Ahmedabad",1,8.5,Gujarat Titans,Royal Challengers Bengaluru,Washington Sundar,KH Pandya,0,0,,,,
1535465,2026,2026-05-31,"Narendra Modi Stadium, Ahmedabad",1,8.6,Gujarat Titans,Royal Challengers Bengaluru,Washington Sundar,KH Pandya,1,0,,,,
1535465,2026,2026-05-31,"Narendra Modi Stadium, Ahmedabad",1,9.1,Gujarat Titans,Royal Challengers Bengaluru,Washington Sundar,JA Duffy,0,0,,,,
1535465,2026,2026-05-31,"Narendra Modi Stadium, Ahmedabad",1,9.2,Gujarat Titans,Royal Challengers Bengaluru,Washington Sundar,JA Duffy,1,0,,,,
1535465,2026,2026-05-31,"Narendra Modi Stadium, Ahmedabad",1,9.3,Gujarat Titans,Royal Challengers Bengaluru,JC Buttler,JA Duffy,1,0,,,,
1535465,2026,2026-05-31,"Narendra Modi Stadium, Ahmedabad",1,9.4,Gujarat Titans,Royal Challengers Bengaluru,Washington Sundar,JA Duffy,1,0,,,,
1535465,2026,2026-05-31,"Narendra Modi Stadium, Ahmedabad",1,9.5,Gujarat Titans,Royal Challengers Bengaluru,JC Buttler,JA Duffy,1,0,,,,
1535465,2026,2026-05-31,"Narendra Modi Stadium, Ahmedabad",1,9.6,Gujarat Titans,Royal Challengers Bengaluru,Washington Sundar,JA Duffy,0,0,,,,
1535465,2026,2026-05-31,"Narendra Modi Stadium, Ahmedabad",1,10.1,Gujarat Titans,Royal Challengers Bengaluru,JC Buttler,KH Pandya,0,0,,,,
1535465,2026,2026-05-31,"Narendra Modi Stadium, Ahmedabad",1,10.2,Gujarat Titans,Royal Challengers Bengaluru,JC Buttler,KH Pandya,0,0,,,,
1535465,2026,2026-05-31,"Narendra Modi Stadium, Ahmedabad",1,10.3,Gujarat Titans,Royal Challengers Bengaluru,JC Buttler,KH Pandya,1,0,,,,
1535465,2026,2026-05-31,"Narendra Modi Stadium, Ahmedabad",1,10.4,Gujarat Titans,Royal Challengers Bengaluru,Washington Sundar,KH Pandya,0,0,,,,
1535465,2026,2026-05-31,"Narendra Modi Stadium, Ahmedabad",1,10.5,Gujarat Titans,Royal Challengers Bengaluru,Washington Sundar,KH Pandya,1,0,,,,
1535465,2026,2026-05-31,"Narendra Modi Stadium, Ahmedabad",1,10.6,Gujarat Titans,Royal Challengers Bengaluru,JC Buttler,KH Pandya,2,0,,,,
1535465,2026,2026-05-31,"Narendra Modi Stadium, Ahmedabad",1,11.1,Gujarat Titans,Royal Challengers Bengaluru,Washington Sundar,JA Duffy,1,0,,,,
1535465,2026,2026-05-31,"Narendra Modi Stadium, Ahmedabad",1,11.2,Gujarat Titans,Royal Challengers Bengaluru,JC Buttler,JA Duffy,1,0,,,,
1535465,2026,2026-05-31,"Narendra Modi Stadium, Ahmedabad",1,11.3,Gujarat Titans,Royal Challengers Bengaluru,Washington Sundar,JA Duffy,1,0,,,,
1535465,2026,2026-05-31,"Narendra Modi Stadium, Ahmedabad",1,11.4,Gujarat Titans,Royal Challengers Bengaluru,JC Buttler,JA Duffy,1,0,,,,
1535465,2026,2026-05-31,"Narendra Modi Stadium, Ahmedabad",1,11.5,Gujarat Titans,Royal Challengers Bengaluru,Washington Sundar,JA Duffy,1,0,,,,
1535465,2026,2026-05-31,"Narendra Modi Stadium, Ahmedabad",1,11.6,Gujarat Titans,Royal Challengers Bengaluru,JC Buttler,JA Duffy,0,1,,,,
1535465,2026,2026-05-31,"Narendra Modi Stadium, Ahmedabad",1,12.1,Gujarat Titans,Royal Challengers Bengaluru,JC Buttler,KH Pandya,0,0,,,stumped,JC Buttler
1535465,2026,2026-05-31,"Narendra Modi Stadium, Ahmedabad",1,12.2,Gujarat Titans,Royal Challengers Bengaluru,Arshad Khan,KH Pandya,1,0,,,,
1535465,2026,2026-05-31,"Narendra Modi Stadium, Ahmedabad",1,12.3,Gujarat Titans,Royal Challengers Bengaluru,Washington Sundar,KH Pandya,1,0,,,,
1535465,2026,2026-05-31,"Narendra Modi Stadium, Ahmedabad",1,12.4,Gujarat Titans,Royal Challengers Bengaluru,Arshad Khan,KH Pandya,6,0,,,,
1535465,2026,2026-05-31,"Narendra Modi Stadium, Ahmedabad",1,12.5,Gujarat Titans,Royal Challengers Bengaluru,Arshad Khan,KH Pandya,1,0,,,,
1535465,2026,2026-05-31,"Narendra Modi Stadium, Ahmedabad",1,12.6,Gujarat Titans,Royal Challengers Bengaluru,Washington Sundar,KH Pandya,1,0,,,,
1535465,2026,2026-05-31,"Narendra Modi Stadium, Ahmedabad",1,13.1,Gujarat Titans,Royal Challengers Bengaluru,Washington Sundar,JA Duffy,4,0,,,,
1535465,2026,2026-05-31,"Narendra Modi Stadium, Ahmedabad",1,13.2,Gujarat Titans,Royal Challengers Bengaluru,Washington Sundar,JA Duffy,4,0,,,,
1535465,2026,2026-05-31,"Narendra Modi Stadium, Ahmedabad",1,13.3,Gujarat Titans,Royal Challengers Bengaluru,Washington Sundar,JA Duffy,1,0,,,,
1535465,2026,2026-05-31,"Narendra Modi Stadium, Ahmedabad",1,13.4,Gujarat Titans,Royal Challengers Bengaluru,Arshad Khan,JA Duffy,6,0,,,,
1535465,2026,2026-05-31,"Narendra Modi Stadium, Ahmedabad",1,13.5,Gujarat Titans,Royal Challengers Bengaluru,Arshad Khan,JA Duffy,1,0,,,,
1535465,2026,2026-05-31,"Narendra Modi Stadium, Ahmedabad",1,13.6,Gujarat Titans,Royal Challengers Bengaluru,Washington Sundar,JA Duffy,0,0,,,,
1535465,2026,2026-05-31,"Narendra Modi Stadium, Ahmedabad",1,14.1,Gujarat Titans,Royal Challengers Bengaluru,Arshad Khan,JR Hazlewood,0,0,,,caught,Arshad Khan
1535465,2026,2026-05-31,"Narendra Modi Stadium, Ahmedabad",1,14.2,Gujarat Titans,Royal Challengers Bengaluru,R Tewatia,JR Hazlewood,1,0,,,,
1535465,2026,2026-05-31,"Narendra Modi Stadium, Ahmedabad",1,14.3,Gujarat Titans,Royal Challengers Bengaluru,Washington Sundar,JR Hazlewood,2,0,,,,
1535465,2026,2026-05-31,"Narendra Modi Stadium, Ahmedabad",1,14.4,Gujarat Titans,Royal Challengers Bengaluru,Washington Sundar,JR Hazlewood,1,0,,,,
1535465,2026,2026-05-31,"Narendra Modi Stadium, Ahmedabad",1,14.5,Gujarat Titans,Royal Challengers Bengaluru,R Tewatia,JR Hazlewood,1,0,,,,
1535465,2026,2026-05-31,"Narendra Modi Stadium, Ahmedabad",1,14.6,Gujarat Titans,Royal Challengers Bengaluru,Washington Sundar,JR Hazlewood,1,0,,,,
1535465,2026,2026-05-31,"Narendra Modi Stadium, Ahmedabad",1,15.1,Gujarat Titans,Royal Challengers Bengaluru,Washington Sundar,B Kumar,0,0,,,,
1535465,2026,2026-05-31,"Narendra Modi Stadium, Ahmedabad",1,15.2,Gujarat Titans,Royal Challengers Bengaluru,Washington Sundar,B Kumar,2,0,,,,
1535465,2026,2026-05-31,"Narendra Modi Stadium, Ahmedabad",1,15.3,Gujarat Titans,Royal Challengers Bengaluru,Washington Sundar,B Kumar,2,0,,,,
1535465,2026,2026-05-31,"Narendra Modi Stadium, Ahmedabad",1,15.4,Gujarat Titans,Royal Challengers Bengaluru,Washington Sundar,B Kumar,1,0,,,,
1535465,2026,2026-05-31,"Narendra Modi Stadium, Ahmedabad",1,15.5,Gujarat Titans,Royal Challengers Bengaluru,R Tewatia,B Kumar,4,0,,,,
1535465,2026,2026-05-31,"Narendra Modi Stadium, Ahmedabad",1,15.6,Gujarat Titans,Royal Challengers Bengaluru,R Tewatia,B Kumar,1,0,,,,
1535465,2026,2026-05-31,"Narendra Modi Stadium, Ahmedabad",1,16.1,Gujarat Titans,Royal Challengers Bengaluru,R Tewatia,Rasikh Salam,0,0,,,caught,R Tewatia
1535465,2026,2026-05-31,"Narendra Modi Stadium, Ahmedabad",1,16.2,Gujarat Titans,Royal Challengers Bengaluru,JO Holder,Rasikh Salam,1,0,,,,
1535465,2026,2026-05-31,"Narendra Modi Stadium, Ahmedabad",1,16.3,Gujarat Titans,Royal Challengers Bengaluru,Washington Sundar,Rasikh Salam,1,0,,,,
1535465,2026,2026-05-31,"Narendra Modi Stadium, Ahmedabad",1,16.4,Gujarat Titans,Royal Challengers Bengaluru,JO Holder,Rasikh Salam,1,0,,,,
1535465,2026,2026-05-31,"Narendra Modi Stadium, Ahmedabad",1,16.5,Gujarat Titans,Royal Challengers Bengaluru,Washington Sundar,Rasikh Salam,2,0,,,,
1535465,2026,2026-05-31,"Narendra Modi Stadium, Ahmedabad",1,16.6,Gujarat Titans,Royal Challengers Bengaluru,Washington Sundar,Rasikh Salam,1,0,,,,
1535465,2026,2026-05-31,"Narendra Modi Stadium, Ahmedabad",1,17.1,Gujarat Titans,Royal Challengers Bengaluru,Washington Sundar,JR Hazlewood,4,0,,,,
1535465,2026,2026-05-31,"Narendra Modi Stadium, Ahmedabad",1,17.2,Gujarat Titans,Royal Challengers Bengaluru,Washington Sundar,JR Hazlewood,1,0,,,,
1535465,2026,2026-05-31,"Narendra Modi Stadium, Ahmedabad",1,17.3,Gujarat Titans,Royal Challengers Bengaluru,JO Holder,JR Hazlewood,1,0,,,,
1535465,2026,2026-05-31,"Narendra Modi Stadium, Ahmedabad",1,17.4,Gujarat Titans,Royal Challengers Bengaluru,Washington Sundar,JR Hazlewood,4,0,,,,
1535465,2026,2026-05-31,"Narendra Modi Stadium, Ahmedabad",1,17.5,Gujarat Titans,Royal Challengers Bengaluru,Washington Sundar,JR Hazlewood,0,1,1.0,,,
1535465,2026,2026-05-31,"Narendra Modi Stadium, Ahmedabad",1,17.6,Gujarat Titans,Royal Challengers Bengaluru,Washington Sundar,JR Hazlewood,1,0,,,,
1535465,2026,2026-05-31,"Narendra Modi Stadium, Ahmedabad",1,17.7,Gujarat Titans,Royal Challengers Bengaluru,JO Holder,JR Hazlewood,4,0,,,,
1535465,2026,2026-05-31,"Narendra Modi Stadium, Ahmedabad",1,18.1,Gujarat Titans,Royal Challengers Bengaluru,Washington Sundar,B Kumar,4,0,,,,
1535465,2026,2026-05-31,"Narendra Modi Stadium, Ahmedabad",1,18.2,Gujarat Titans,Royal Challengers Bengaluru,Washington Sundar,B Kumar,1,0,,,,
1535465,2026,2026-05-31,"Narendra Modi Stadium, Ahmedabad",1,18.3,Gujarat Titans,Royal Challengers Bengaluru,JO Holder,B Kumar,0,0,,,caught,JO Holder
1535465,2026,2026-05-31,"Narendra Modi Stadium, Ahmedabad",1,18.4,Gujarat Titans,Royal Challengers Bengaluru,Rashid Khan,B Kumar,1,0,,,,
1535465,2026,2026-05-31,"Narendra Modi Stadium, Ahmedabad",1,18.5,Gujarat Titans,Royal Challengers Bengaluru,Washington Sundar,B Kumar,0,0,,,,
1535465,2026,2026-05-31,"Narendra Modi Stadium, Ahmedabad",1,18.6,Gujarat Titans,Royal Challengers Bengaluru,Washington Sundar,B Kumar,2,0,,,,
1535465,2026,2026-05-31,"Narendra Modi Stadium, Ahmedabad",1,19.1,Gujarat Titans,Royal Challengers Bengaluru,Rashid Khan,Rasikh Salam,6,0,,,,
1535465,2026,2026-05-31,"Narendra Modi Stadium, Ahmedabad",1,19.2,Gujarat Titans,Royal Challengers Bengaluru,Rashid Khan,Rasikh Salam,0,0,,,caught,Rashid Khan
1535465,2026,2026-05-31,"Narendra Modi Stadium, Ahmedabad",1,19.3,Gujarat Titans,Royal Challengers Bengaluru,K Rabada,Rasikh Salam,0,0,,,,
1535465,2026,2026-05-31,"Narendra Modi Stadium, Ahmedabad",1,19.4,Gujarat Titans,Royal Challengers Bengaluru,K Rabada,Rasikh Salam,1,0,,,,
1535465,2026,2026-05-31,"Narendra Modi Stadium, Ahmedabad",1,19.5,Gujarat Titans,Royal Challengers Bengaluru,Washington Sundar,Rasikh Salam,1,0,,,,
1535465,2026,2026-05-31,"Narendra Modi Stadium, Ahmedabad",1,19.6,Gujarat Titans,Royal Challengers Bengaluru,K Rabada,Rasikh Salam,2,0,,,,
1535465,2026,2026-05-31,"Narendra Modi Stadium, Ahmedabad",2,0.1,Royal Challengers Bengaluru,Gujarat Titans,VR Iyer,Mohammed Siraj,1,0,,,,
1535465,2026,2026-05-31,"Narendra Modi Stadium, Ahmedabad",2,0.2,Royal Challengers Bengaluru,Gujarat Titans,V Kohli,Mohammed Siraj,0,1,,,,
1535465,2026,2026-05-31,"Narendra Modi Stadium, Ahmedabad",2,0.3,Royal Challengers Bengaluru,Gujarat Titans,VR Iyer,Mohammed Siraj,0,0,,,,
1535465,2026,2026-05-31,"Narendra Modi Stadium, Ahmedabad",2,0.4,Royal Challengers Bengaluru,Gujarat Titans,VR Iyer,Mohammed Siraj,0,0,,,,
1535465,2026,2026-05-31,"Narendra Modi Stadium, Ahmedabad",2,0.5,Royal Challengers Bengaluru,Gujarat Titans,VR Iyer,Mohammed Siraj,2,0,,,,
1535465,2026,2026-05-31,"Narendra Modi Stadium, Ahmedabad",2,0.6,Royal Challengers Bengaluru,Gujarat Titans,VR Iyer,Mohammed Siraj,1,0,,,,
1535465,2026,2026-05-31,"Narendra Modi Stadium, Ahmedabad",2,1.1,Royal Challengers Bengaluru,Gujarat Titans,VR Iyer,K Rabada,4,0,,,,
1535465,2026,2026-05-31,"Narendra Modi Stadium, Ahmedabad",2,1.2,Royal Challengers Bengaluru,Gujarat Titans,VR Iyer,K Rabada,0,0,,,,
1535465,2026,2026-05-31,"Narendra Modi Stadium, Ahmedabad",2,1.3,Royal Challengers Bengaluru,Gujarat Titans,VR Iyer,K Rabada,6,0,,,,
1535465,2026,2026-05-31,"Narendra Modi Stadium, Ahmedabad",2,1.4,Royal Challengers Bengaluru,Gujarat Titans,VR Iyer,K Rabada,4,0,,,,
1535465,2026,2026-05-31,"Narendra Modi Stadium, Ahmedabad",2,1.5,Royal Challengers Bengaluru,Gujarat Titans,VR Iyer,K Rabada,0,0,,,,
1535465,2026,2026-05-31,"Narendra Modi Stadium, Ahmedabad",2,1.6,Royal Challengers Bengaluru,Gujarat Titans,VR Iyer,K Rabada,4,0,,,,
1535465,2026,2026-05-31,"Narendra Modi Stadium, Ahmedabad",2,2.1,Royal Challengers Bengaluru,Gujarat Titans,V Kohli,Mohammed Siraj,4,0,,,,
1535465,2026,2026-05-31,"Narendra Modi Stadium, Ahmedabad",2,2.2,Royal Challengers Bengaluru,Gujarat Titans,V Kohli,Mohammed Siraj,0,0,,,,
1535465,2026,2026-05-31,"Narendra Modi Stadium, Ahmedabad",2,2.3,Royal Challengers Bengaluru,Gujarat Titans,V Kohli,Mohammed Siraj,4,0,,,,
1535465,2026,2026-05-31,"Narendra Modi Stadium, Ahmedabad",2,2.4,Royal Challengers Bengaluru,Gujarat Titans,V Kohli,Mohammed Siraj,1,0,,,,
1535465,2026,2026-05-31,"Narendra Modi Stadium, Ahmedabad",2,2.5,Royal Challengers Bengaluru,Gujarat Titans,VR Iyer,Mohammed Siraj,4,0,,,,
1535465,2026,2026-05-31,"Narendra Modi Stadium, Ahmedabad",2,2.6,Royal Challengers Bengaluru,Gujarat Titans,VR Iyer,Mohammed Siraj,0,0,,,,
1535465,2026,2026-05-31,"Narendra Modi Stadium, Ahmedabad",2,3.1,Royal Challengers Bengaluru,Gujarat Titans,V Kohli,K Rabada,4,0,,,,
1535465,2026,2026-05-31,"Narendra Modi Stadium, Ahmedabad",2,3.2,Royal Challengers Bengaluru,Gujarat Titans,V Kohli,K Rabada,4,0,,,,
1535465,2026,2026-05-31,"Narendra Modi Stadium, Ahmedabad",2,3.3,Royal Challengers Bengaluru,Gujarat Titans,V Kohli,K Rabada,6,0,,,,
1535465,2026,2026-05-31,"Narendra Modi Stadium, Ahmedabad",2,3.4,Royal Challengers Bengaluru,Gujarat Titans,V Kohli,K Rabada,4,0,,,,
1535465,2026,2026-05-31,"Narendra Modi Stadium, Ahmedabad",2,3.5,Royal Challengers Bengaluru,Gujarat Titans,V Kohli,K Rabada,1,0,,,,
1535465,2026,2026-05-31,"Narendra Modi Stadium, Ahmedabad",2,3.6,Royal Challengers Bengaluru,Gujarat Titans,VR Iyer,K Rabada,0,0,,,,
1535465,2026,2026-05-31,"Narendra Modi Stadium, Ahmedabad",2,4.1,Royal Challengers Bengaluru,Gujarat Titans,V Kohli,Mohammed Siraj,1,0,,,,
1535465,2026,2026-05-31,"Narendra Modi Stadium, Ahmedabad",2,4.2,Royal Challengers Bengaluru,Gujarat Titans,VR Iyer,Mohammed Siraj,6,0,,,,
1535465,2026,2026-05-31,"Narendra Modi Stadium, Ahmedabad",2,4.3,Royal Challengers Bengaluru,Gujarat Titans,VR Iyer,Mohammed Siraj,0,0,,,caught,VR Iyer
1535465,2026,2026-05-31,"Narendra Modi Stadium, Ahmedabad",2,4.4,Royal Challengers Bengaluru,Gujarat Titans,D Padikkal,Mohammed Siraj,0,0,,,,
1535465,2026,2026-05-31,"Narendra Modi Stadium, Ahmedabad",2,4.5,Royal Challengers Bengaluru,Gujarat Titans,D Padikkal,Mohammed Siraj,0,0,,,,
1535465,2026,2026-05-31,"Narendra Modi Stadium, Ahmedabad",2,4.6,Royal Challengers Bengaluru,Gujarat Titans,D Padikkal,Mohammed Siraj,1,0,,,,
1535465,2026,2026-05-31,"Narendra Modi Stadium, Ahmedabad",2,5.1,Royal Challengers Bengaluru,Gujarat Titans,D Padikkal,K Rabada,0,0,,,caught,D Padikkal
1535465,2026,2026-05-31,"Narendra Modi Stadium, Ahmedabad",2,5.2,Royal Challengers Bengaluru,Gujarat Titans,RM Patidar,K Rabada,0,0,,,,
1535465,2026,2026-05-31,"Narendra Modi Stadium, Ahmedabad",2,5.3,Royal Challengers Bengaluru,Gujarat Titans,RM Patidar,K Rabada,0,0,,,,
1535465,2026,2026-05-31,"Narendra Modi Stadium, Ahmedabad",2,5.4,Royal Challengers Bengaluru,Gujarat Titans,RM Patidar,K Rabada,0,0,,,,
1535465,2026,2026-05-31,"Narendra Modi Stadium, Ahmedabad",2,5.5,Royal Challengers Bengaluru,Gujarat Titans,RM Patidar,K Rabada,1,0,,,,
1535465,2026,2026-05-31,"Narendra Modi Stadium, Ahmedabad",2,5.6,Royal Challengers Bengaluru,Gujarat Titans,V Kohli,K Rabada,6,0,,,,
1535465,2026,2026-05-31,"Narendra Modi Stadium, Ahmedabad",2,6.1,Royal Challengers Bengaluru,Gujarat Titans,RM Patidar,Mohammed Siraj,6,0,,,,
1535465,2026,2026-05-31,"Narendra Modi Stadium, Ahmedabad",2,6.2,Royal Challengers Bengaluru,Gujarat Titans,RM Patidar,Mohammed Siraj,0,0,,,,
1535465,2026,2026-05-31,"Narendra Modi Stadium, Ahmedabad",2,6.3,Royal Challengers Bengaluru,Gujarat Titans,RM Patidar,Mohammed Siraj,1,0,,,,
1535465,2026,2026-05-31,"Narendra Modi Stadium, Ahmedabad",2,6.4,Royal Challengers Bengaluru,Gujarat Titans,V Kohli,Mohammed Siraj,1,0,,,,
1535465,2026,2026-05-31,"Narendra Modi Stadium, Ahmedabad",2,6.5,Royal Challengers Bengaluru,Gujarat Titans,RM Patidar,Mohammed Siraj,2,0,,,,
1535465,2026,2026-05-31,"Narendra Modi Stadium, Ahmedabad",2,6.6,Royal Challengers Bengaluru,Gujarat Titans,RM Patidar,Mohammed Siraj,0,1,1.0,,,
1535465,2026,2026-05-31,"Narendra Modi Stadium, Ahmedabad",2,6.7,Royal Challengers Bengaluru,Gujarat Titans,RM Patidar,Mohammed Siraj,0,0,,,,
1535465,2026,2026-05-31,"Narendra Modi Stadium, Ahmedabad",2,7.1,Royal Challengers Bengaluru,Gujarat Titans,V Kohli,JO Holder,1,0,,,,
1535465,2026,2026-05-31,"Narendra Modi Stadium, Ahmedabad",2,7.2,Royal Challengers Bengaluru,Gujarat Titans,RM Patidar,JO Holder,1,0,,,,
1535465,2026,2026-05-31,"Narendra Modi Stadium, Ahmedabad",2,7.3,Royal Challengers Bengaluru,Gujarat Titans,V Kohli,JO Holder,0,0,,,,
1535465,2026,2026-05-31,"Narendra Modi Stadium, Ahmedabad",2,7.4,Royal Challengers Bengaluru,Gujarat Titans,V Kohli,JO Holder,1,0,,,,
1535465,2026,2026-05-31,"Narendra Modi Stadium, Ahmedabad",2,7.5,Royal Challengers Bengaluru,Gujarat Titans,RM Patidar,JO Holder,0,0,,,,
1535465,2026,2026-05-31,"Narendra Modi Stadium, Ahmedabad",2,7.6,Royal Challengers Bengaluru,Gujarat Titans,RM Patidar,JO Holder,4,0,,,,
1535465,2026,2026-05-31,"Narendra Modi Stadium, Ahmedabad",2,8.1,Royal Challengers Bengaluru,Gujarat Titans,V Kohli,Rashid Khan,1,0,,,,
1535465,2026,2026-05-31,"Narendra Modi Stadium, Ahmedabad",2,8.2,Royal Challengers Bengaluru,Gujarat Titans,RM Patidar,Rashid Khan,0,0,,,caught,RM Patidar
1535465,2026,2026-05-31,"Narendra Modi Stadium, Ahmedabad",2,8.3,Royal Challengers Bengaluru,Gujarat Titans,KH Pandya,Rashid Khan,1,0,,,,
1535465,2026,2026-05-31,"Narendra Modi Stadium, Ahmedabad",2,8.4,Royal Challengers Bengaluru,Gujarat Titans,V Kohli,Rashid Khan,1,0,,,,
1535465,2026,2026-05-31,"Narendra Modi Stadium, Ahmedabad",2,8.5,Royal Challengers Bengaluru,Gujarat Titans,KH Pandya,Rashid Khan,0,0,,,lbw,KH Pandya
1535465,2026,2026-05-31,"Narendra Modi Stadium, Ahmedabad",2,8.6,Royal Challengers Bengaluru,Gujarat Titans,TH David,Rashid Khan,0,0,,,,
1535465,2026,2026-05-31,"Narendra Modi Stadium, Ahmedabad",2,9.1,Royal Challengers Bengaluru,Gujarat Titans,V Kohli,JO Holder,4,0,,,,
1535465,2026,2026-05-31,"Narendra Modi Stadium, Ahmedabad",2,9.2,Royal Challengers Bengaluru,Gujarat Titans,V Kohli,JO Holder,0,0,,,,
1535465,2026,2026-05-31,"Narendra Modi Stadium, Ahmedabad",2,9.3,Royal Challengers Bengaluru,Gujarat Titans,V Kohli,JO Holder,1,0,,,,
1535465,2026,2026-05-31,"Narendra Modi Stadium, Ahmedabad",2,9.4,Royal Challengers Bengaluru,Gujarat Titans,TH David,JO Holder,0,0,,,,
1535465,2026,2026-05-31,"Narendra Modi Stadium, Ahmedabad",2,9.5,Royal Challengers Bengaluru,Gujarat Titans,TH David,JO Holder,4,0,,,,
1535465,2026,2026-05-31,"Narendra Modi Stadium, Ahmedabad",2,9.6,Royal Challengers Bengaluru,Gujarat Titans,TH David,JO Holder,0,0,,,,
1535465,2026,2026-05-31,"Narendra Modi Stadium, Ahmedabad",2,10.1,Royal Challengers Bengaluru,Gujarat Titans,V Kohli,Rashid Khan,2,0,,,,
1535465,2026,2026-05-31,"Narendra Modi Stadium, Ahmedabad",2,10.2,Royal Challengers Bengaluru,Gujarat Titans,V Kohli,Rashid Khan,1,0,,,,
1535465,2026,2026-05-31,"Narendra Modi Stadium, Ahmedabad",2,10.3,Royal Challengers Bengaluru,Gujarat Titans,TH David,Rashid Khan,0,0,,,,
1535465,2026,2026-05-31,"Narendra Modi Stadium, Ahmedabad",2,10.4,Royal Challengers Bengaluru,Gujarat Titans,TH David,Rashid Khan,2,0,,,,
1535465,2026,2026-05-31,"Narendra Modi Stadium, Ahmedabad",2,10.5,Royal Challengers Bengaluru,Gujarat Titans,TH David,Rashid Khan,0,0,,,,
1535465,2026,2026-05-31,"Narendra Modi Stadium, Ahmedabad",2,10.6,Royal Challengers Bengaluru,Gujarat Titans,TH David,Rashid Khan,4,0,,,,
1535465,2026,2026-05-31,"Narendra Modi Stadium, Ahmedabad",2,11.1,Royal Challengers Bengaluru,Gujarat Titans,V Kohli,Arshad Khan,0,0,,,,
1535465,2026,2026-05-31,"Narendra Modi Stadium, Ahmedabad",2,11.2,Royal Challengers Bengaluru,Gujarat Titans,V Kohli,Arshad Khan,4,0,,,,
1535465,2026,2026-05-31,"Narendra Modi Stadium, Ahmedabad",2,11.3,Royal Challengers Bengaluru,Gujarat Titans,V Kohli,Arshad Khan,1,0,,,,
1535465,2026,2026-05-31,"Narendra Modi Stadium, Ahmedabad",2,11.4,Royal Challengers Bengaluru,Gujarat Titans,TH David,Arshad Khan,1,0,,,,
1535465,2026,2026-05-31,"Narendra Modi Stadium, Ahmedabad",2,11.5,Royal Challengers Bengaluru,Gujarat Titans,V Kohli,Arshad Khan,0,0,,,,
1535465,2026,2026-05-31,"Narendra Modi Stadium, Ahmedabad",2,11.6,Royal Challengers Bengaluru,Gujarat Titans,V Kohli,Arshad Khan,1,0,,,,
1535465,2026,2026-05-31,"Narendra Modi Stadium, Ahmedabad",2,12.1,Royal Challengers Bengaluru,Gujarat Titans,V Kohli,Rashid Khan,1,0,,,,
1535465,2026,2026-05-31,"Narendra Modi Stadium, Ahmedabad",2,12.2,Royal Challengers Bengaluru,Gujarat Titans,TH David,Rashid Khan,0,0,,,,
1535465,2026,2026-05-31,"Narendra Modi Stadium, Ahmedabad",2,12.3,Royal Challengers Bengaluru,Gujarat Titans,TH David,Rashid Khan,6,0,,,,
1535465,2026,2026-05-31,"Narendra Modi Stadium, Ahmedabad",2,12.4,Royal Challengers Bengaluru,Gujarat Titans,TH David,Rashid Khan,1,0,,,,
1535465,2026,2026-05-31,"Narendra Modi Stadium, Ahmedabad",2,12.5,Royal Challengers Bengaluru,Gujarat Titans,V Kohli,Rashid Khan,1,0,,,,
1535465,2026,2026-05-31,"Narendra Modi Stadium, Ahmedabad",2,12.6,Royal Challengers Bengaluru,Gujarat Titans,TH David,Rashid Khan,1,0,,,,
1535465,2026,2026-05-31,"Narendra Modi Stadium, Ahmedabad",2,13.1,Royal Challengers Bengaluru,Gujarat Titans,TH David,Arshad Khan,1,0,,,,
1535465,2026,2026-05-31,"Narendra Modi Stadium, Ahmedabad",2,13.2,Royal Challengers Bengaluru,Gujarat Titans,V Kohli,Arshad Khan,0,0,,,,
1535465,2026,2026-05-31,"Narendra Modi Stadium, Ahmedabad",2,13.3,Royal Challengers Bengaluru,Gujarat Titans,V Kohli,Arshad Khan,1,0,,,,
1535465,2026,2026-05-31,"Narendra Modi Stadium, Ahmedabad",2,13.4,Royal Challengers Bengaluru,Gujarat Titans,TH David,Arshad Khan,4,0,,,,
1535465,2026,2026-05-31,"Narendra Modi Stadium, Ahmedabad",2,13.5,Royal Challengers Bengaluru,Gujarat Titans,TH David,Arshad Khan,0,0,,,,
1535465,2026,2026-05-31,"Narendra Modi Stadium, Ahmedabad",2,13.6,Royal Challengers Bengaluru,Gujarat Titans,TH David,Arshad Khan,0,0,,,caught,TH David
1535465,2026,2026-05-31,"Narendra Modi Stadium, Ahmedabad",2,14.1,Royal Challengers Bengaluru,Gujarat Titans,V Kohli,M Prasidh Krishna,1,0,,,,
1535465,2026,2026-05-31,"Narendra Modi Stadium, Ahmedabad",2,14.2,Royal Challengers Bengaluru,Gujarat Titans,JM Sharma,M Prasidh Krishna,0,0,,,,
1535465,2026,2026-05-31,"Narendra Modi Stadium, Ahmedabad",2,14.3,Royal Challengers Bengaluru,Gujarat Titans,JM Sharma,M Prasidh Krishna,4,0,,,,
1535465,2026,2026-05-31,"Narendra Modi Stadium, Ahmedabad",2,14.4,Royal Challengers Bengaluru,Gujarat Titans,JM Sharma,M Prasidh Krishna,0,0,,,,
1535465,2026,2026-05-31,"Narendra Modi Stadium, Ahmedabad",2,14.5,Royal Challengers Bengaluru,Gujarat Titans,JM Sharma,M Prasidh Krishna,2,0,,,,
1535465,2026,2026-05-31,"Narendra Modi Stadium, Ahmedabad",2,14.6,Royal Challengers Bengaluru,Gujarat Titans,JM Sharma,M Prasidh Krishna,0,0,,,,
1535465,2026,2026-05-31,"Narendra Modi Stadium, Ahmedabad",2,15.1,Royal Challengers Bengaluru,Gujarat Titans,V Kohli,Arshad Khan,0,0,,,,
1535465,2026,2026-05-31,"Narendra Modi Stadium, Ahmedabad",2,15.2,Royal Challengers Bengaluru,Gujarat Titans,V Kohli,Arshad Khan,4,0,,,,
1535465,2026,2026-05-31,"Narendra Modi Stadium, Ahmedabad",2,15.3,Royal Challengers Bengaluru,Gujarat Titans,V Kohli,Arshad Khan,1,0,,,,
1535465,2026,2026-05-31,"Narendra Modi Stadium, Ahmedabad",2,15.4,Royal Challengers Bengaluru,Gujarat Titans,JM Sharma,Arshad Khan,0,0,,,,
1535465,2026,2026-05-31,"Narendra Modi Stadium, Ahmedabad",2,15.5,Royal Challengers Bengaluru,Gujarat Titans,JM Sharma,Arshad Khan,1,0,,,,
1535465,2026,2026-05-31,"Narendra Modi Stadium, Ahmedabad",2,15.6,Royal Challengers Bengaluru,Gujarat Titans,V Kohli,Arshad Khan,0,0,,,,
1535465,2026,2026-05-31,"Narendra Modi Stadium, Ahmedabad",2,16.1,Royal Challengers Bengaluru,Gujarat Titans,JM Sharma,Rashid Khan,0,0,,,,
1535465,2026,2026-05-31,"Narendra Modi Stadium, Ahmedabad",2,16.2,Royal Challengers Bengaluru,Gujarat Titans,JM Sharma,Rashid Khan,1,0,,,,
1535465,2026,2026-05-31,"Narendra Modi Stadium, Ahmedabad",2,16.3,Royal Challengers Bengaluru,Gujarat Titans,V Kohli,Rashid Khan,1,0,,,,
1535465,2026,2026-05-31,"Narendra Modi Stadium, Ahmedabad",2,16.4,Royal Challengers Bengaluru,Gujarat Titans,JM Sharma,Rashid Khan,0,0,,,,
1535465,2026,2026-05-31,"Narendra Modi Stadium, Ahmedabad",2,16.5,Royal Challengers Bengaluru,Gujarat Titans,JM Sharma,Rashid Khan,1,0,,,,
1535465,2026,2026-05-31,"Narendra Modi Stadium, Ahmedabad",2,16.6,Royal Challengers Bengaluru,Gujarat Titans,V Kohli,Rashid Khan,0,0,,,,
1535465,2026,2026-05-31,"Narendra Modi Stadium, Ahmedabad",2,17.1,Royal Challengers Bengaluru,Gujarat Titans,JM Sharma,Arshad Khan,1,0,,,,
1535465,2026,2026-05-31,"Narendra Modi Stadium, Ahmedabad",2,17.2,Royal Challengers Bengaluru,Gujarat Titans,V Kohli,Arshad Khan,1,0,,,,
1535465,2026,2026-05-31,"Narendra Modi Stadium, Ahmedabad",2,17.3,Royal Challengers Bengaluru,Gujarat Titans,JM Sharma,Arshad Khan,0,0,,,,
1535465,2026,2026-05-31,"Narendra Modi Stadium, Ahmedabad",2,17.4,Royal Challengers Bengaluru,Gujarat Titans,JM Sharma,Arshad Khan,1,0,,,,
1535465,2026,2026-05-31,"Narendra Modi Stadium, Ahmedabad",2,17.5,Royal Challengers Bengaluru,Gujarat Titans,V Kohli,Arshad Khan,4,0,,,,
1535465,2026,2026-05-31,"Narendra Modi Stadium, Ahmedabad",2,17.6,Royal Challengers Bengaluru,Gujarat Titans,V Kohli,Arshad Khan,6,0,,,,
335982,2007/08,2008-04-18,M Chinnaswamy Stadium,1,0.1,Kolkata Knight Riders,Royal Challengers Bangalore,SC Ganguly,P Kumar,0,1,,,,
335982,2007/08,2008-04-18,M Chinnaswamy Stadium,1,0.2,Kolkata Knight Riders,Royal Challengers Bangalore,BB McCullum,P Kumar,0,0,,,,
335982,2007/08,2008-04-18,M Chinnaswamy Stadium,1,0.3,Kolkata Knight Riders,Royal Challengers Bangalore,BB McCullum,P Kumar,0,1,1.0,,,
335982,2007/08,2008-04-18,M Chinnaswamy Stadium,1,0.4,Kolkata Knight Riders,Royal Challengers Bangalore,BB McCullum,P Kumar,0,0,,,,
335982,2007/08,2008-04-18,M Chinnaswamy Stadium,1,0.5,Kolkata Knight Riders,Royal Challengers Bangalore,BB McCullum,P Kumar,0,0,,,,
335982,2007/08,2008-04-18,M Chinnaswamy Stadium,1,0.6,Kolkata Knight Riders,Royal Challengers Bangalore,BB McCullum,P Kumar,0,0,,,,
335982,2007/08,2008-04-18,M Chinnaswamy Stadium,1,0.7,Kolkata Knight Riders,Royal Challengers Bangalore,BB McCullum,P Kumar,0,1,,,,
335982,2007/08,2008-04-18,M Chinnaswamy Stadium,1,1.1,Kolkata Knight Riders,Royal Challengers Bangalore,BB McCullum,Z Khan,0,0,,,,
335982,2007/08,2008-04-18,M Chinnaswamy Stadium,1,1.2,Kolkata Knight Riders,Royal Challengers Bangalore,BB McCullum,Z Khan,4,0,,,,
335982,2007/08,2008-04-18,M Chinnaswamy Stadium,1,1.3,Kolkata Knight Riders,Royal Challengers Bangalore,BB McCullum,Z Khan,4,0,,,,
335982,2007/08,2008-04-18,M Chinnaswamy Stadium,1,1.4,Kolkata Knight Riders,Royal Challengers Bangalore,BB McCullum,Z Khan,6,0,,,,
335982,2007/08,2008-04-18,M Chinnaswamy Stadium,1,1.5,Kolkata Knight Riders,Royal Challengers Bangalore,BB McCullum,Z Khan,4,0,,,,
335982,2007/08,2008-04-18,M Chinnaswamy Stadium,1,1.6,Kolkata Knight Riders,Royal Challengers Bangalore,BB McCullum,Z Khan,0,0,,,,
335982,2007/08,2008-04-18,M Chinnaswamy Stadium,1,2.1,Kolkata Knight Riders,Royal Challengers Bangalore,SC Ganguly,P Kumar,0,0,,,,
335982,2007/08,2008-04-18,M Chinnaswamy Stadium,1,2.2,Kolkata Knight Riders,Royal Challengers Bangalore,SC Ganguly,P Kumar,0,0,,,,
335982,2007/08,2008-04-18,M Chinnaswamy Stadium,1,2.3,Kolkata Knight Riders,Royal Challengers Bangalore,SC Ganguly,P Kumar,0,1,,,,
335982,2007/08,2008-04-18,M Chinnaswamy Stadium,1,2.4,Kolkata Knight Riders,Royal Challengers Bangalore,BB McCullum,P Kumar,4,0,,,,
335982,2007/08,2008-04-18,M Chinnaswamy Stadium,1,2.5,Kolkata Knight Riders,Royal Challengers Bangalore,BB McCullum,P Kumar,1,0,,,,
335982,2007/08,2008-04-18,M Chinnaswamy Stadium,1,2.6,Kolkata Knight Riders,Royal Challengers Bangalore,SC Ganguly,P Kumar,0,0,,,,
335982,2007/08,2008-04-18,M Chinnaswamy Stadium,1,3.1,Kolkata Knight Riders,Royal Challengers Bangalore,BB McCullum,AA Noffke,0,5,5.0,,,
335982,2007/08,2008-04-18,M Chinnaswamy Stadium,1,3.2,Kolkata Knight Riders,Royal Challengers Bangalore,BB McCullum,AA Noffke,6,0,,,,
335982,2007/08,2008-04-18,M Chinnaswamy Stadium,1,3.3,Kolkata Knight Riders,Royal Challengers Bangalore,BB McCullum,AA Noffke,0,1,,,,
335982,2007/08,2008-04-18,M Chinnaswamy Stadium,1,3.4,Kolkata Knight Riders,Royal Challengers Bangalore,SC Ganguly,AA Noffke,4,0,,,,
335982,2007/08,2008-04-18,M Chinnaswamy Stadium,1,3.5,Kolkata Knight Riders,Royal Challengers Bangalore,SC Ganguly,AA Noffke,0,0,,,,
335982,2007/08,2008-04-18,M Chinnaswamy Stadium,1,3.6,Kolkata Knight Riders,Royal Challengers Bangalore,SC Ganguly,AA Noffke,1,0,,,,
335982,2007/08,2008-04-18,M Chinnaswamy Stadium,1,3.7,Kolkata Knight Riders,Royal Challengers Bangalore,BB McCullum,AA Noffke,6,0,,,,
335982,2007/08,2008-04-18,M Chinnaswamy Stadium,1,4.1,Kolkata Knight Riders,Royal Challengers Bangalore,SC Ganguly,P Kumar,4,0,,,,
335982,2007/08,2008-04-18,M Chinnaswamy Stadium,1,4.2,Kolkata Knight Riders,Royal Challengers Bangalore,SC Ganguly,P Kumar,1,0,,,,
335982,2007/08,2008-04-18,M Chinnaswamy Stadium,1,4.3,Kolkata Knight Riders,Royal Challengers Bangalore,BB McCullum,P Kumar,4,0,,,,
335982,2007/08,2008-04-18,M Chinnaswamy Stadium,1,4.4,Kolkata Knight Riders,Royal Challengers Bangalore,BB McCullum,P Kumar,0,0,,,,
335982,2007/08,2008-04-18,M Chinnaswamy Stadium,1,4.5,Kolkata Knight Riders,Royal Challengers Bangalore,BB McCullum,P Kumar,1,0,,,,
335982,2007/08,2008-04-18,M Chinnaswamy Stadium,1,4.6,Kolkata Knight Riders,Royal Challengers Bangalore,SC Ganguly,P Kumar,0,0,,,,
335982,2007/08,2008-04-18,M Chinnaswamy Stadium,1,5.1,Kolkata Knight Riders,Royal Challengers Bangalore,BB McCullum,Z Khan,1,0,,,,
335982,2007/08,2008-04-18,M Chinnaswamy Stadium,1,5.2,Kolkata Knight Riders,Royal Challengers Bangalore,SC Ganguly,Z Khan,0,0,,,caught,SC Ganguly
335982,2007/08,2008-04-18,M Chinnaswamy Stadium,1,5.3,Kolkata Knight Riders,Royal Challengers Bangalore,RT Ponting,Z Khan,0,0,,,,
335982,2007/08,2008-04-18,M Chinnaswamy Stadium,1,5.4,Kolkata Knight Riders,Royal Challengers Bangalore,RT Ponting,Z Khan,0,0,,,,
335982,2007/08,2008-04-18,M Chinnaswamy Stadium,1,5.5,Kolkata Knight Riders,Royal Challengers Bangalore,RT Ponting,Z Khan,0,0,,,,
335982,2007/08,2008-04-18,M Chinnaswamy Stadium,1,5.6,Kolkata Knight Riders,Royal Challengers Bangalore,RT Ponting,Z Khan,0,0,,,,
335982,2007/08,2008-04-18,M Chinnaswamy Stadium,1,6.1,Kolkata Knight Riders,Royal Challengers Bangalore,BB McCullum,AA Noffke,1,0,,,,
335982,2007/08,2008-04-18,M Chinnaswamy Stadium,1,6.2,Kolkata Knight Riders,Royal Challengers Bangalore,RT Ponting,AA Noffke,1,0,,,,
335982,2007/08,2008-04-18,M Chinnaswamy Stadium,1,6.3,Kolkata Knight Riders,Royal Challengers Bangalore,BB McCullum,AA Noffke,1,0,,,,
335982,2007/08,2008-04-18,M Chinnaswamy Stadium,1,6.4,Kolkata Knight Riders,Royal Challengers Bangalore,RT Ponting,AA Noffke,2,0,,,,
335982,2007/08,2008-04-18,M Chinnaswamy Stadium,1,6.5,Kolkata Knight Riders,Royal Challengers Bangalore,RT Ponting,AA Noffke,1,0,,,,
335982,2007/08,2008-04-18,M Chinnaswamy Stadium,1,6.6,Kolkata Knight Riders,Royal Challengers Bangalore,BB McCullum,AA Noffke,1,0,,,,
335982,2007/08,2008-04-18,M Chinnaswamy Stadium,1,7.1,Kolkata Knight Riders,Royal Challengers Bangalore,BB McCullum,Z Khan,0,0,,,,
335982,2007/08,2008-04-18,M Chinnaswamy Stadium,1,7.2,Kolkata Knight Riders,Royal Challengers Bangalore,BB McCullum,Z Khan,1,0,,,,
335982,2007/08,2008-04-18,M Chinnaswamy Stadium,1,7.3,Kolkata Knight Riders,Royal Challengers Bangalore,RT Ponting,Z Khan,1,0,,,,
335982,2007/08,2008-04-18,M Chinnaswamy Stadium,1,7.4,Kolkata Knight Riders,Royal Challengers Bangalore,BB McCullum,Z Khan,1,0,,,,
335982,2007/08,2008-04-18,M Chinnaswamy Stadium,1,7.5,Kolkata Knight Riders,Royal Challengers Bangalore,RT Ponting,Z Khan,1,0,,,,
335982,2007/08,2008-04-18,M Chinnaswamy Stadium,1,7.6,Kolkata Knight Riders,Royal Challengers Bangalore,BB McCullum,Z Khan,1,0,,,,
335982,2007/08,2008-04-18,M Chinnaswamy Stadium,1,8.1,Kolkata Knight Riders,Royal Challengers Bangalore,BB McCullum,JH Kallis,0,0,,,,
335982,2007/08,2008-04-18,M Chinnaswamy Stadium,1,8.2,Kolkata Knight Riders,Royal Challengers Bangalore,BB McCullum,JH Kallis,0,0,,,,
335982,2007/08,2008-04-18,M Chinnaswamy Stadium,1,8.3,Kolkata Knight Riders,Royal Challengers Bangalore,BB McCullum,JH Kallis,0,0,,,,
335982,2007/08,2008-04-18,M Chinnaswamy Stadium,1,8.4,Kolkata Knight Riders,Royal Challengers Bangalore,BB McCullum,JH Kallis,1,0,,,,
335982,2007/08,2008-04-18,M Chinnaswamy Stadium,1,8.5,Kolkata Knight Riders,Royal Challengers Bangalore,RT Ponting,JH Kallis,1,0,,,,
335982,2007/08,2008-04-18,M Chinnaswamy Stadium,1,8.6,Kolkata Knight Riders,Royal Challengers Bangalore,BB McCullum,JH Kallis,2,0,,,,
335982,2007/08,2008-04-18,M Chinnaswamy Stadium,1,9.1,Kolkata Knight Riders,Royal Challengers Bangalore,RT Ponting,SB Joshi,1,0,,,,
335982,2007/08,2008-04-18,M Chinnaswamy Stadium,1,9.2,Kolkata Knight Riders,Royal Challengers Bangalore,BB McCullum,SB Joshi,1,0,,,,
335982,2007/08,2008-04-18,M Chinnaswamy Stadium,1,9.3,Kolkata Knight Riders,Royal Challengers Bangalore,RT Ponting,SB Joshi,1,0,,,,
335982,2007/08,2008-04-18,M Chinnaswamy Stadium,1,9.4,Kolkata Knight Riders,Royal Challengers Bangalore,BB McCullum,SB Joshi,0,0,,,,
335982,2007/08,2008-04-18,M Chinnaswamy Stadium,1,9.5,Kolkata Knight Riders,Royal Challengers Bangalore,BB McCullum,SB Joshi,6,0,,,,
335982,2007/08,2008-04-18,M Chinnaswamy Stadium,1,9.6,Kolkata Knight Riders,Royal Challengers Bangalore,BB McCullum,SB Joshi,1,0,,,,
335982,2007/08,2008-04-18,M Chinnaswamy Stadium,1,10.1,Kolkata Knight Riders,Royal Challengers Bangalore,BB McCullum,JH Kallis,1,0,,,,
335982,2007/08,2008-04-18,M Chinnaswamy Stadium,1,10.2,Kolkata Knight Riders,Royal Challengers Bangalore,RT Ponting,JH Kallis,4,0,,,,
335982,2007/08,2008-04-18,M Chinnaswamy Stadium,1,10.3,Kolkata Knight Riders,Royal Challengers Bangalore,RT Ponting,JH Kallis,0,0,,,,
335982,2007/08,2008-04-18,M Chinnaswamy Stadium,1,10.4,Kolkata Knight Riders,Royal Challengers Bangalore,RT Ponting,JH Kallis,6,0,,,,
335982,2007/08,2008-04-18,M Chinnaswamy Stadium,1,10.5,Kolkata Knight Riders,Royal Challengers Bangalore,RT Ponting,JH Kallis,0,0,,,,
335982,2007/08,2008-04-18,M Chinnaswamy Stadium,1,10.6,Kolkata Knight Riders,Royal Challengers Bangalore,RT Ponting,JH Kallis,0,4,,,,
335982,2007/08,2008-04-18,M Chinnaswamy Stadium,1,11.1,Kolkata Knight Riders,Royal Challengers Bangalore,BB McCullum,SB Joshi,0,0,,,,
335982,2007/08,2008-04-18,M Chinnaswamy Stadium,1,11.2,Kolkata Knight Riders,Royal Challengers Bangalore,BB McCullum,SB Joshi,6,0,,,,
335982,2007/08,2008-04-18,M Chinnaswamy Stadium,1,11.3,Kolkata Knight Riders,Royal Challengers Bangalore,BB McCullum,SB Joshi,2,0,,,,
335982,2007/08,2008-04-18,M Chinnaswamy Stadium,1,11.4,Kolkata Knight Riders,Royal Challengers Bangalore,BB McCullum,SB Joshi,1,0,,,,
335982,2007/08,2008-04-18,M Chinnaswamy Stadium,1,11.5,Kolkata Knight Riders,Royal Challengers Bangalore,RT Ponting,SB Joshi,0,0,,,,
335982,2007/08,2008-04-18,M Chinnaswamy Stadium,1,11.6,Kolkata Knight Riders,Royal Challengers Bangalore,RT Ponting,SB Joshi,1,0,,,,
335982,2007/08,2008-04-18,M Chinnaswamy Stadium,1,12.1,Kolkata Knight Riders,Royal Challengers Bangalore,RT Ponting,JH Kallis,0,0,,,caught,RT Ponting
335982,2007/08,2008-04-18,M Chinnaswamy Stadium,1,12.2,Kolkata Knight Riders,Royal Challengers Bangalore,BB McCullum,JH Kallis,4,0,,,,
335982,2007/08,2008-04-18,M Chinnaswamy Stadium,1,12.3,Kolkata Knight Riders,Royal Challengers Bangalore,BB McCullum,JH Kallis,0,0,,,,
335982,2007/08,2008-04-18,M Chinnaswamy Stadium,1,12.4,Kolkata Knight Riders,Royal Challengers Bangalore,BB McCullum,JH Kallis,2,0,,,,
335982,2007/08,2008-04-18,M Chinnaswamy Stadium,1,12.5,Kolkata Knight Riders,Royal Challengers Bangalore,BB McCullum,JH Kallis,0,1,1.0,,,
335982,2007/08,2008-04-18,M Chinnaswamy Stadium,1,12.6,Kolkata Knight Riders,Royal Challengers Bangalore,BB McCullum,JH Kallis,4,0,,,,
335982,2007/08,2008-04-18,M Chinnaswamy Stadium,1,12.7,Kolkata Knight Riders,Royal Challengers Bangalore,BB McCullum,JH Kallis,1,0,,,,
335982,2007/08,2008-04-18,M Chinnaswamy Stadium,1,13.1,Kolkata Knight Riders,Royal Challengers Bangalore,BB McCullum,SB Joshi,1,0,,,,
335982,2007/08,2008-04-18,M Chinnaswamy Stadium,1,13.2,Kolkata Knight Riders,Royal Challengers Bangalore,DJ Hussey,SB Joshi,0,0,,,,
335982,2007/08,2008-04-18,M Chinnaswamy Stadium,1,13.3,Kolkata Knight Riders,Royal Challengers Bangalore,DJ Hussey,SB Joshi,1,0,,,,
335982,2007/08,2008-04-18,M Chinnaswamy Stadium,1,13.4,Kolkata Knight Riders,Royal Challengers Bangalore,BB McCullum,SB Joshi,1,0,,,,
335982,2007/08,2008-04-18,M Chinnaswamy Stadium,1,13.5,Kolkata Knight Riders,Royal Challengers Bangalore,DJ Hussey,SB Joshi,1,0,,,,
335982,2007/08,2008-04-18,M Chinnaswamy Stadium,1,13.6,Kolkata Knight Riders,Royal Challengers Bangalore,BB McCullum,SB Joshi,2,0,,,,
335982,2007/08,2008-04-18,M Chinnaswamy Stadium,1,14.1,Kolkata Knight Riders,Royal Challengers Bangalore,DJ Hussey,CL White,4,0,,,,
335982,2007/08,2008-04-18,M Chinnaswamy Stadium,1,14.2,Kolkata Knight Riders,Royal Challengers Bangalore,DJ Hussey,CL White,1,0,,,,
335982,2007/08,2008-04-18,M Chinnaswamy Stadium,1,14.3,Kolkata Knight Riders,Royal Challengers Bangalore,BB McCullum,CL White,6,0,,,,
335982,2007/08,2008-04-18,M Chinnaswamy Stadium,1,14.4,Kolkata Knight Riders,Royal Challengers Bangalore,BB McCullum,CL White,4,0,,,,
335982,2007/08,2008-04-18,M Chinnaswamy Stadium,1,14.5,Kolkata Knight Riders,Royal Challengers Bangalore,BB McCullum,CL White,0,2,2.0,,,
335982,2007/08,2008-04-18,M Chinnaswamy Stadium,1,14.6,Kolkata Knight Riders,Royal Challengers Bangalore,DJ Hussey,CL White,1,0,,,,
335982,2007/08,2008-04-18,M Chinnaswamy Stadium,1,14.7,Kolkata Knight Riders,Royal Challengers Bangalore,BB McCullum,CL White,6,0,,,,
335982,2007/08,2008-04-18,M Chinnaswamy Stadium,1,15.1,Kolkata Knight Riders,Royal Challengers Bangalore,DJ Hussey,AA Noffke,0,0,,,,
335982,2007/08,2008-04-18,M Chinnaswamy Stadium,1,15.2,Kolkata Knight Riders,Royal Challengers Bangalore,DJ Hussey,AA Noffke,1,0,,,,
335982,2007/08,2008-04-18,M Chinnaswamy Stadium,1,15.3,Kolkata Knight Riders,Royal Challengers Bangalore,BB McCullum,AA Noffke,2,0,,,,
335982,2007/08,2008-04-18,M Chinnaswamy Stadium,1,15.4,Kolkata Knight Riders,Royal Challengers Bangalore,BB McCullum,AA Noffke,0,0,,,,
335982,2007/08,2008-04-18,M Chinnaswamy Stadium,1,15.5,Kolkata Knight Riders,Royal Challengers Bangalore,BB McCullum,AA Noffke,1,0,,,,
335982,2007/08,2008-04-18,M Chinnaswamy Stadium,1,15.6,Kolkata Knight Riders,Royal Challengers Bangalore,DJ Hussey,AA Noffke,0,0,,,,
335982,2007/08,2008-04-18,M Chinnaswamy Stadium,1,16.1,Kolkata Knight Riders,Royal Challengers Bangalore,BB McCullum,Z Khan,1,0,,,,
335982,2007/08,2008-04-18,M Chinnaswamy Stadium,1,16.2,Kolkata Knight Riders,Royal Challengers Bangalore,DJ Hussey,Z Khan,2,0,,,,
335982,2007/08,2008-04-18,M Chinnaswamy Stadium,1,16.3,Kolkata Knight Riders,Royal Challengers Bangalore,DJ Hussey,Z Khan,1,0,,,,
335982,2007/08,2008-04-18,M Chinnaswamy Stadium,1,16.4,Kolkata Knight Riders,Royal Challengers Bangalore,BB McCullum,Z Khan,6,0,,,,
335982,2007/08,2008-04-18,M Chinnaswamy Stadium,1,16.5,Kolkata Knight Riders,Royal Challengers Bangalore,BB McCullum,Z Khan,2,0,,,,
335982,2007/08,2008-04-18,M Chinnaswamy Stadium,1,16.6,Kolkata Knight Riders,Royal Challengers Bangalore,BB McCullum,Z Khan,2,0,,,,
335982,2007/08,2008-04-18,M Chinnaswamy Stadium,1,17.1,Kolkata Knight Riders,Royal Challengers Bangalore,DJ Hussey,AA Noffke,0,0,,,caught,DJ Hussey
335982,2007/08,2008-04-18,M Chinnaswamy Stadium,1,17.2,Kolkata Knight Riders,Royal Challengers Bangalore,BB McCullum,AA Noffke,1,0,,,,
335982,2007/08,2008-04-18,M Chinnaswamy Stadium,1,17.3,Kolkata Knight Riders,Royal Challengers Bangalore,Mohammad Hafeez,AA Noffke,0,0,,,,
335982,2007/08,2008-04-18,M Chinnaswamy Stadium,1,17.4,Kolkata Knight Riders,Royal Challengers Bangalore,Mohammad Hafeez,AA Noffke,1,0,,,,
335982,2007/08,2008-04-18,M Chinnaswamy Stadium,1,17.5,Kolkata Knight Riders,Royal Challengers Bangalore,BB McCullum,AA Noffke,4,0,,,,
335982,2007/08,2008-04-18,M Chinnaswamy Stadium,1,17.6,Kolkata Knight Riders,Royal Challengers Bangalore,BB McCullum,AA Noffke,1,0,,,,
335982,2007/08,2008-04-18,M Chinnaswamy Stadium,1,18.1,Kolkata Knight Riders,Royal Challengers Bangalore,BB McCullum,JH Kallis,6,0,,,,
335982,2007/08,2008-04-18,M Chinnaswamy Stadium,1,18.2,Kolkata Knight Riders,Royal Challengers Bangalore,BB McCullum,JH Kallis,0,0,,,,
335982,2007/08,2008-04-18,M Chinnaswamy Stadium,1,18.3,Kolkata Knight Riders,Royal Challengers Bangalore,BB McCullum,JH Kallis,6,0,,,,
335982,2007/08,2008-04-18,M Chinnaswamy Stadium,1,18.4,Kolkata Knight Riders,Royal Challengers Bangalore,BB McCullum,JH Kallis,4,0,,,,
335982,2007/08,2008-04-18,M Chinnaswamy Stadium,1,18.5,Kolkata Knight Riders,Royal Challengers Bangalore,BB McCullum,JH Kallis,1,0,,,,
335982,2007/08,2008-04-18,M Chinnaswamy Stadium,1,18.6,Kolkata Knight Riders,Royal Challengers Bangalore,Mohammad Hafeez,JH Kallis,4,0,,,,
335982,2007/08,2008-04-18,M Chinnaswamy Stadium,1,19.1,Kolkata Knight Riders,Royal Challengers Bangalore,BB McCullum,P Kumar,6,0,,,,
335982,2007/08,2008-04-18,M Chinnaswamy Stadium,1,19.2,Kolkata Knight Riders,Royal Challengers Bangalore,BB McCullum,P Kumar,6,0,,,,
335982,2007/08,2008-04-18,M Chinnaswamy Stadium,1,19.3,Kolkata Knight Riders,Royal Challengers Bangalore,BB McCullum,P Kumar,2,0,,,,
335982,2007/08,2008-04-18,M Chinnaswamy Stadium,1,19.4,Kolkata Knight Riders,Royal Challengers Bangalore,BB McCullum,P Kumar,0,0,,,,
335982,2007/08,2008-04-18,M Chinnaswamy Stadium,1,19.5,Kolkata Knight Riders,Royal Challengers Bangalore,BB McCullum,P Kumar,2,0,,,,
335982,2007/08,2008-04-18,M Chinnaswamy Stadium,1,19.6,Kolkata Knight Riders,Royal Challengers Bangalore,BB McCullum,P Kumar,6,0,,,,
335982,2007/08,2008-04-18,M Chinnaswamy Stadium,2,0.1,Royal Challengers Bangalore,Kolkata Knight Riders,R Dravid,AB Dinda,1,0,,,,
335982,2007/08,2008-04-18,M Chinnaswamy Stadium,2,0.2,Royal Challengers Bangalore,Kolkata Knight Riders,W Jaffer,AB Dinda,0,1,1.0,,,
335982,2007/08,2008-04-18,M Chinnaswamy Stadium,2,0.3,Royal Challengers Bangalore,Kolkata Knight Riders,W Jaffer,AB Dinda,0,0,,,,
335982,2007/08,2008-04-18,M Chinnaswamy Stadium,2,0.4,Royal Challengers Bangalore,Kolkata Knight Riders,W Jaffer,AB Dinda,1,0,,,,
335982,2007/08,2008-04-18,M Chinnaswamy Stadium,2,0.5,Royal Challengers Bangalore,Kolkata Knight Riders,R Dravid,AB Dinda,1,0,,,,
335982,2007/08,2008-04-18,M Chinnaswamy Stadium,2,0.6,Royal Challengers Bangalore,Kolkata Knight Riders,W Jaffer,AB Dinda,0,0,,,,
335982,2007/08,2008-04-18,M Chinnaswamy Stadium,2,0.7,Royal Challengers Bangalore,Kolkata Knight Riders,W Jaffer,AB Dinda,0,0,,,,
335982,2007/08,2008-04-18,M Chinnaswamy Stadium,2,1.1,Royal Challengers Bangalore,Kolkata Knight Riders,R Dravid,I Sharma,0,0,,,bowled,R Dravid
335982,2007/08,2008-04-18,M Chinnaswamy Stadium,2,1.2,Royal Challengers Bangalore,Kolkata Knight Riders,V Kohli,I Sharma,0,0,,,,
335982,2007/08,2008-04-18,M Chinnaswamy Stadium,2,1.3,Royal Challengers Bangalore,Kolkata Knight Riders,V Kohli,I Sharma,0,4,,,,
335982,2007/08,2008-04-18,M Chinnaswamy Stadium,2,1.4,Royal Challengers Bangalore,Kolkata Knight Riders,V Kohli,I Sharma,1,0,,,,
335982,2007/08,2008-04-18,M Chinnaswamy Stadium,2,1.5,Royal Challengers Bangalore,Kolkata Knight Riders,W Jaffer,I Sharma,0,0,,,,
335982,2007/08,2008-04-18,M Chinnaswamy Stadium,2,1.6,Royal Challengers Bangalore,Kolkata Knight Riders,W Jaffer,I Sharma,0,0,,,,
335982,2007/08,2008-04-18,M Chinnaswamy Stadium,2,2.1,Royal Challengers Bangalore,Kolkata Knight Riders,V Kohli,AB Dinda,0,0,,,,
335982,2007/08,2008-04-18,M Chinnaswamy Stadium,2,2.2,Royal Challengers Bangalore,Kolkata Knight Riders,V Kohli,AB Dinda,0,0,,,bowled,V Kohli
335982,2007/08,2008-04-18,M Chinnaswamy Stadium,2,2.3,Royal Challengers Bangalore,Kolkata Knight Riders,JH Kallis,AB Dinda,1,0,,,,
335982,2007/08,2008-04-18,M Chinnaswamy Stadium,2,2.4,Royal Challengers Bangalore,Kolkata Knight Riders,W Jaffer,AB Dinda,0,0,,,,
335982,2007/08,2008-04-18,M Chinnaswamy Stadium,2,2.5,Royal Challengers Bangalore,Kolkata Knight Riders,W Jaffer,AB Dinda,0,1,1.0,,,
335982,2007/08,2008-04-18,M Chinnaswamy Stadium,2,2.6,Royal Challengers Bangalore,Kolkata Knight Riders,W Jaffer,AB Dinda,0,0,,,,
335982,2007/08,2008-04-18,M Chinnaswamy Stadium,2,2.7,Royal Challengers Bangalore,Kolkata Knight Riders,W Jaffer,AB Dinda,1,0,,,,
335982,2007/08,2008-04-18,M Chinnaswamy Stadium,2,3.1,Royal Challengers Bangalore,Kolkata Knight Riders,W Jaffer,I Sharma,2,0,,,,
335982,2007/08,2008-04-18,M Chinnaswamy Stadium,2,3.2,Royal Challengers Bangalore,Kolkata Knight Riders,W Jaffer,I Sharma,1,0,,,,
335982,2007/08,2008-04-18,M Chinnaswamy Stadium,2,3.3,Royal Challengers Bangalore,Kolkata Knight Riders,JH Kallis,I Sharma,0,0,,,,
335982,2007/08,2008-04-18,M Chinnaswamy Stadium,2,3.4,Royal Challengers Bangalore,Kolkata Knight Riders,JH Kallis,I Sharma,0,1,,,,
335982,2007/08,2008-04-18,M Chinnaswamy Stadium,2,3.5,Royal Challengers Bangalore,Kolkata Knight Riders,W Jaffer,I Sharma,0,0,,,,
335982,2007/08,2008-04-18,M Chinnaswamy Stadium,2,3.6,Royal Challengers Bangalore,Kolkata Knight Riders,W Jaffer,I Sharma,0,0,,,,
335982,2007/08,2008-04-18,M Chinnaswamy Stadium,2,4.1,Royal Challengers Bangalore,Kolkata Knight Riders,JH Kallis,AB Agarkar,1,0,,,,
335982,2007/08,2008-04-18,M Chinnaswamy Stadium,2,4.2,Royal Challengers Bangalore,Kolkata Knight Riders,W Jaffer,AB Agarkar,1,0,,,,
335982,2007/08,2008-04-18,M Chinnaswamy Stadium,2,4.3,Royal Challengers Bangalore,Kolkata Knight Riders,JH Kallis,AB Agarkar,0,0,,,,
335982,2007/08,2008-04-18,M Chinnaswamy Stadium,2,4.4,Royal Challengers Bangalore,Kolkata Knight Riders,JH Kallis,AB Agarkar,6,0,,,,
335982,2007/08,2008-04-18,M Chinnaswamy Stadium,2,4.5,Royal Challengers Bangalore,Kolkata Knight Riders,JH Kallis,AB Agarkar,0,0,,,caught,JH Kallis
335982,2007/08,2008-04-18,M Chinnaswamy Stadium,2,4.6,Royal Challengers Bangalore,Kolkata Knight Riders,CL White,AB Agarkar,0,0,,,,
335982,2007/08,2008-04-18,M Chinnaswamy Stadium,2,5.1,Royal Challengers Bangalore,Kolkata Knight Riders,W Jaffer,AB Dinda,0,0,,,,
335982,2007/08,2008-04-18,M Chinnaswamy Stadium,2,5.2,Royal Challengers Bangalore,Kolkata Knight Riders,W Jaffer,AB Dinda,0,0,,,caught,W Jaffer
335982,2007/08,2008-04-18,M Chinnaswamy Stadium,2,5.3,Royal Challengers Bangalore,Kolkata Knight Riders,MV Boucher,AB Dinda,0,0,,,,
335982,2007/08,2008-04-18,M Chinnaswamy Stadium,2,5.4,Royal Challengers Bangalore,Kolkata Knight Riders,MV Boucher,AB Dinda,1,0,,,,
335982,2007/08,2008-04-18,M Chinnaswamy Stadium,2,5.5,Royal Challengers Bangalore,Kolkata Knight Riders,CL White,AB Dinda,1,0,,,,
335982,2007/08,2008-04-18,M Chinnaswamy Stadium,2,5.6,Royal Challengers Bangalore,Kolkata Knight Riders,MV Boucher,AB Dinda,0,0,,,,
335982,2007/08,2008-04-18,M Chinnaswamy Stadium,2,6.1,Royal Challengers Bangalore,Kolkata Knight Riders,CL White,AB Agarkar,0,0,,,,
335982,2007/08,2008-04-18,M Chinnaswamy Stadium,2,6.2,Royal Challengers Bangalore,Kolkata Knight Riders,CL White,AB Agarkar,0,0,,,,
335982,2007/08,2008-04-18,M Chinnaswamy Stadium,2,6.3,Royal Challengers Bangalore,Kolkata Knight Riders,CL White,AB Agarkar,1,0,,,,
335982,2007/08,2008-04-18,M Chinnaswamy Stadium,2,6.4,Royal Challengers Bangalore,Kolkata Knight Riders,MV Boucher,AB Agarkar,0,1,1.0,,,
335982,2007/08,2008-04-18,M Chinnaswamy Stadium,2,6.5,Royal Challengers Bangalore,Kolkata Knight Riders,MV Boucher,AB Agarkar,0,1,1.0,,,
335982,2007/08,2008-04-18,M Chinnaswamy Stadium,2,6.6,Royal Challengers Bangalore,Kolkata Knight Riders,MV Boucher,AB Agarkar,0,0,,,,
335982,2007/08,2008-04-18,M Chinnaswamy Stadium,2,6.7,Royal Challengers Bangalore,Kolkata Knight Riders,MV Boucher,AB Agarkar,0,0,,,,
335982,2007/08,2008-04-18,M Chinnaswamy Stadium,2,6.8,Royal Challengers Bangalore,Kolkata Knight Riders,MV Boucher,AB Agarkar,4,0,,,,
335982,2007/08,2008-04-18,M Chinnaswamy Stadium,2,7.1,Royal Challengers Bangalore,Kolkata Knight Riders,CL White,SC Ganguly,1,0,,,,
335982,2007/08,2008-04-18,M Chinnaswamy Stadium,2,7.2,Royal Challengers Bangalore,Kolkata Knight Riders,MV Boucher,SC Ganguly,0,1,,,,
335982,2007/08,2008-04-18,M Chinnaswamy Stadium,2,7.3,Royal Challengers Bangalore,Kolkata Knight Riders,CL White,SC Ganguly,1,0,,,,
335982,2007/08,2008-04-18,M Chinnaswamy Stadium,2,7.4,Royal Challengers Bangalore,Kolkata Knight Riders,MV Boucher,SC Ganguly,2,0,,,,
335982,2007/08,2008-04-18,M Chinnaswamy Stadium,2,7.5,Royal Challengers Bangalore,Kolkata Knight Riders,MV Boucher,SC Ganguly,0,0,,,caught,MV Boucher
335982,2007/08,2008-04-18,M Chinnaswamy Stadium,2,7.6,Royal Challengers Bangalore,Kolkata Knight Riders,CL White,SC Ganguly,0,0,,,,
335982,2007/08,2008-04-18,M Chinnaswamy Stadium,2,8.1,Royal Challengers Bangalore,Kolkata Knight Riders,B Akhil,AB Agarkar,0,0,,,,
335982,2007/08,2008-04-18,M Chinnaswamy Stadium,2,8.2,Royal Challengers Bangalore,Kolkata Knight Riders,B Akhil,AB Agarkar,0,0,,,caught,B Akhil
335982,2007/08,2008-04-18,M Chinnaswamy Stadium,2,8.3,Royal Challengers Bangalore,Kolkata Knight Riders,AA Noffke,AB Agarkar,0,0,,,,
335982,2007/08,2008-04-18,M Chinnaswamy Stadium,2,8.4,Royal Challengers Bangalore,Kolkata Knight Riders,AA Noffke,AB Agarkar,0,1,1.0,,,
335982,2007/08,2008-04-18,M Chinnaswamy Stadium,2,8.5,Royal Challengers Bangalore,Kolkata Knight Riders,AA Noffke,AB Agarkar,0,1,1.0,,,
335982,2007/08,2008-04-18,M Chinnaswamy Stadium,2,8.6,Royal Challengers Bangalore,Kolkata Knight Riders,AA Noffke,AB Agarkar,1,0,,,,
335982,2007/08,2008-04-18,M Chinnaswamy Stadium,2,8.7,Royal Challengers Bangalore,Kolkata Knight Riders,CL White,AB Agarkar,2,0,,,,
335982,2007/08,2008-04-18,M Chinnaswamy Stadium,2,8.8,Royal Challengers Bangalore,Kolkata Knight Riders,CL White,AB Agarkar,0,0,,,caught,CL White
335982,2007/08,2008-04-18,M Chinnaswamy Stadium,2,9.1,Royal Challengers Bangalore,Kolkata Knight Riders,AA Noffke,SC Ganguly,1,0,,,,
335982,2007/08,2008-04-18,M Chinnaswamy Stadium,2,9.2,Royal Challengers Bangalore,Kolkata Knight Riders,P Kumar,SC Ganguly,0,0,,,,
335982,2007/08,2008-04-18,M Chinnaswamy Stadium,2,9.3,Royal Challengers Bangalore,Kolkata Knight Riders,P Kumar,SC Ganguly,0,0,,,,
335982,2007/08,2008-04-18,M Chinnaswamy Stadium,2,9.4,Royal Challengers Bangalore,Kolkata Knight Riders,P Kumar,SC Ganguly,0,1,1.0,,,
335982,2007/08,2008-04-18,M Chinnaswamy Stadium,2,9.5,Royal Challengers Bangalore,Kolkata Knight Riders,P Kumar,SC Ganguly,0,1,,,,
335982,2007/08,2008-04-18,M Chinnaswamy Stadium,2,9.6,Royal Challengers Bangalore,Kolkata Knight Riders,AA Noffke,SC Ganguly,4,0,,,,
335982,2007/08,2008-04-18,M Chinnaswamy Stadium,2,9.7,Royal Challengers Bangalore,Kolkata Knight Riders,AA Noffke,SC Ganguly,1,0,,,,
335982,2007/08,2008-04-18,M Chinnaswamy Stadium,2,10.1,Royal Challengers Bangalore,Kolkata Knight Riders,AA Noffke,AB Agarkar,0,0,,,,
335982,2007/08,2008-04-18,M Chinnaswamy Stadium,2,10.2,Royal Challengers Bangalore,Kolkata Knight Riders,AA Noffke,AB Agarkar,0,0,,,,
335982,2007/08,2008-04-18,M Chinnaswamy Stadium,2,10.3,Royal Challengers Bangalore,Kolkata Knight Riders,AA Noffke,AB Agarkar,0,0,,,,
335982,2007/08,2008-04-18,M Chinnaswamy Stadium,2,10.4,Royal Challengers Bangalore,Kolkata Knight Riders,AA Noffke,AB Agarkar,1,0,,,,
335982,2007/08,2008-04-18,M Chinnaswamy Stadium,2,10.5,Royal Challengers Bangalore,Kolkata Knight Riders,P Kumar,AB Agarkar,4,0,,,,
335982,2007/08,2008-04-18,M Chinnaswamy Stadium,2,10.6,Royal Challengers Bangalore,Kolkata Knight Riders,P Kumar,AB Agarkar,0,0,,,,
335982,2007/08,2008-04-18,M Chinnaswamy Stadium,2,11.1,Royal Challengers Bangalore,Kolkata Knight Riders,AA Noffke,SC Ganguly,1,0,,,run out,AA Noffke
335982,2007/08,2008-04-18,M Chinnaswamy Stadium,2,11.2,Royal Challengers Bangalore,Kolkata Knight Riders,Z Khan,SC Ganguly,0,0,,,,
335982,2007/08,2008-04-18,M Chinnaswamy Stadium,2,11.3,Royal Challengers Bangalore,Kolkata Knight Riders,Z Khan,SC Ganguly,0,0,,,,
335982,2007/08,2008-04-18,M Chinnaswamy Stadium,2,11.4,Royal Challengers Bangalore,Kolkata Knight Riders,Z Khan,SC Ganguly,1,0,,,,
335982,2007/08,2008-04-18,M Chinnaswamy Stadium,2,11.5,Royal Challengers Bangalore,Kolkata Knight Riders,P Kumar,SC Ganguly,0,0,,,,
335982,2007/08,2008-04-18,M Chinnaswamy Stadium,2,11.6,Royal Challengers Bangalore,Kolkata Knight Riders,P Kumar,SC Ganguly,1,0,,,,
335982,2007/08,2008-04-18,M Chinnaswamy Stadium,2,12.1,Royal Challengers Bangalore,Kolkata Knight Riders,P Kumar,LR Shukla,6,0,,,,
335982,2007/08,2008-04-18,M Chinnaswamy Stadium,2,12.2,Royal Challengers Bangalore,Kolkata Knight Riders,P Kumar,LR Shukla,0,2,2.0,,,
335982,2007/08,2008-04-18,M Chinnaswamy Stadium,2,12.3,Royal Challengers Bangalore,Kolkata Knight Riders,Z Khan,LR Shukla,1,0,,,,
335982,2007/08,2008-04-18,M Chinnaswamy Stadium,2,12.4,Royal Challengers Bangalore,Kolkata Knight Riders,P Kumar,LR Shukla,1,0,,,,
335982,2007/08,2008-04-18,M Chinnaswamy Stadium,2,12.5,Royal Challengers Bangalore,Kolkata Knight Riders,Z Khan,LR Shukla,0,0,,,,
335982,2007/08,2008-04-18,M Chinnaswamy Stadium,2,12.6,Royal Challengers Bangalore,Kolkata Knight Riders,Z Khan,LR Shukla,0,0,,,,
335982,2007/08,2008-04-18,M Chinnaswamy Stadium,2,12.7,Royal Challengers Bangalore,Kolkata Knight Riders,Z Khan,LR Shukla,1,0,,,,
335982,2007/08,2008-04-18,M Chinnaswamy Stadium,2,13.1,Royal Challengers Bangalore,Kolkata Knight Riders,Z Khan,SC Ganguly,0,0,,,bowled,Z Khan
335982,2007/08,2008-04-18,M Chinnaswamy Stadium,2,13.2,Royal Challengers Bangalore,Kolkata Knight Riders,SB Joshi,SC Ganguly,1,0,,,,
335982,2007/08,2008-04-18,M Chinnaswamy Stadium,2,13.3,Royal Challengers Bangalore,Kolkata Knight Riders,P Kumar,SC Ganguly,0,0,,,,
335982,2007/08,2008-04-18,M Chinnaswamy Stadium,2,13.4,Royal Challengers Bangalore,Kolkata Knight Riders,P Kumar,SC Ganguly,0,0,,,,
335982,2007/08,2008-04-18,M Chinnaswamy Stadium,2,13.5,Royal Challengers Bangalore,Kolkata Knight Riders,P Kumar,SC Ganguly,0,0,,,,
335982,2007/08,2008-04-18,M Chinnaswamy Stadium,2,13.6,Royal Challengers Bangalore,Kolkata Knight Riders,P Kumar,SC Ganguly,6,0,,,,
335982,2007/08,2008-04-18,M Chinnaswamy Stadium,2,14.1,Royal Challengers Bangalore,Kolkata Knight Riders,SB Joshi,I Sharma,0,1,1.0,,,
335982,2007/08,2008-04-18,M Chinnaswamy Stadium,2,14.2,Royal Challengers Bangalore,Kolkata Knight Riders,SB Joshi,I Sharma,0,0,,,,
335982,2007/08,2008-04-18,M Chinnaswamy Stadium,2,14.3,Royal Challengers Bangalore,Kolkata Knight Riders,SB Joshi,I Sharma,0,0,,,,
335982,2007/08,2008-04-18,M Chinnaswamy Stadium,2,14.4,Royal Challengers Bangalore,Kolkata Knight Riders,SB Joshi,I Sharma,1,0,,,,
335982,2007/08,2008-04-18,M Chinnaswamy Stadium,2,14.5,Royal Challengers Bangalore,Kolkata Knight Riders,P Kumar,I Sharma,0,1,,,,
335982,2007/08,2008-04-18,M Chinnaswamy Stadium,2,14.6,Royal Challengers Bangalore,Kolkata Knight Riders,SB Joshi,I Sharma,1,0,,,,
335982,2007/08,2008-04-18,M Chinnaswamy Stadium,2,14.7,Royal Challengers Bangalore,Kolkata Knight Riders,P Kumar,I Sharma,0,0,,,,
335982,2007/08,2008-04-18,M Chinnaswamy Stadium,2,15.1,Royal Challengers Bangalore,Kolkata Knight Riders,SB Joshi,LR Shukla,0,1,1.0,,,
335982,2007/08,2008-04-18,M Chinnaswamy Stadium,2,15.2,Royal Challengers Bangalore,Kolkata Knight Riders,SB Joshi,LR Shukla,0,0,,,caught,SB Joshi
